{
    "restaraunts": [
    {
      "id":"1",
      "name": "McDonald's",
      "imgRestauran": "src/image/McDonald's.jpg",
      "rating": 4.282690126894158,
      "price": "от 10р",
      "time": "25-35 мин",
      "benefit": "Выгодная доставка",
      "favorite": false
    },
    {
      "id":"2",
      "name": "Burger King",
      "imgRestauran": "src/image/Burger King.jpg",
      "rating": 3.3639884757995606,
      "price": "от 13р",
      "time": "20 мин",
      "benefit": "Скидка 10%",
      "favorite": false
    },
    {
      "id":"3",
      "name": "KFC",
      "imgRestauran": "src/image/KFC.jpg",
      "rating": 3.90625,
      "price": "от 5р",
      "time": "35-45 мин",
      "benefit": "Скидка 20% навынос",
      "favorite": false
    },
    {
      "id":"4",
      "name": "Васильки",
      "imgRestauran": "src/image/Васильки.jpg",
      "rating": 4.5625,
      "price": "от 15р",
      "time": "40-50 мин",
      "benefit": "Скидка 30%",
      "favorite": false
    },
    {
      "id":"5",
      "name": "Paul",
      "imgRestauran": "src/image/Paul.jpg",
      "rating": 3.9375,
      "price": "от 10р",
      "time": "45-55 мин",
      "benefit": "Выгодная доставка",
      "favorite": false
    },
    {
      "id":"6",
      "name": "Чайхана Lounge",
      "imgRestauran": "src/image/Чайхана Lounge.jpg",
      "rating": 3.6875,
      "price": "от 20р",
      "time": "40-50 мин",
      "benefit": "Скидка навынос",
      "favorite": false
    },
    {
      "id":"7",
      "name": "ДЭПО",
      "imgRestauran": "src/image/ДЭПО.jpg",
      "rating": 1.9375,
      "price": "от 7р",
      "time": "45-55 мин",
      "benefit": "Выгодная доставка",
      "favorite": false
    },
    {
      "id":"8",
      "name": "Пицца Темпо",
      "imgRestauran": "src/image/темпо.jpg",
      "rating": 4.375,
      "price": "от 15р",
      "time": "40 мин",
      "benefit": "Скидка 20% навынос",
      "favorite": false
    },
    {
      "id":"9",
      "name": "Sushi chef arts",
      "imgRestauran": "src/image/Sushi chef arts.jpg",
      "rating": 4.375,
      "price": "от 13р",
      "time": "35-45 мин",
      "benefit": "Скидка 30%",
      "favorite": false
    },
    {
      "id":"10",
      "name": "Clever Irish Pub",
      "imgRestauran": "src/image/Clever Irish Pub.jpg",
      "rating": 3.75,
      "price": "от 10р",
      "time": "30 мин",
      "benefit": "Скидка 20%",
      "favorite": false
    },
    {
      "id":"11",
      "name": "Тифлис / Тифлисъ",
      "imgRestauran": "src/image/Тифлис.jpg",
      "rating": 3.75,
      "price": "от 5р",
      "time": "20 мин",
      "benefit": "Скидка 20% навынос",
      "favorite": false
    },
    {
      "id":"12",
      "name": "Salateira",
      "imgRestauran": "src/image/Salateira.jpg",
      "rating": 3.875,
      "price": "от 7р",
      "time": "50-60 мин",
      "benefit": "Скидка навынос",
      "favorite": false
    }
  ],
    "food": [{
            "rest_id": "1",
            "name": "2 бокс мастера",
            "cost": "400 р."
        },
        {
            "rest_id": "1",
            "name": "Гамбургер",
            "cost": "350 р."
        },
        {
            "rest_id": "1",
            "name": "Чизбургер",
            "cost": "360 р."
        },
        {
            "rest_id": "1",
            "name": "Воппер",
            "cost": "310 р."
        }, {
            "rest_id": "1",
            "name": "Фанта 0.5 л.",
            "cost": "327 р."
        },
        {
            "rest_id": "1",
            "name": "Картофель фри",
            "cost": "250 р."
        }, {
            "rest_id": "1",
            "name": "Соус горчичный",
            "cost": "120 р."
        }, {
            "rest_id": "1",
            "name": "Снэкбокс",
            "cost": "450 р."
        }
    ]
}
